TYPE,YEAR,lng,lat
Theft of Vehicle,2005,-123.066219246009,49.2207671559075
Theft of Vehicle,2003,-123.122936643782,49.2847884598866
Theft of Vehicle,2003,-123.122936643782,49.2847884598866
Theft of Vehicle,2004,-123.122936643782,49.2847884598866
Theft of Vehicle,2004,-123.122936643782,49.2847884598866
Theft of Vehicle,2004,-123.122936643782,49.2847884598866
Theft of Vehicle,2005,-123.122936643782,49.2847884598866
Theft of Vehicle,2005,-123.122936643782,49.2847884598866
Theft of Vehicle,2006,-123.122936643782,49.2847884598866
Theft of Vehicle,2013,-123.122936643782,49.2847884598866
Theft of Vehicle,2017,-123.122936643782,49.2847884598866
Theft of Vehicle,2004,-123.122824207564,49.2847148381874
Theft of Vehicle,2016,-123.122824207564,49.2847148381874
Theft of Vehicle,2013,-123.122397951427,49.2845521057899
Theft of Vehicle,2003,-123.122336988103,49.2843958097556
Theft of Vehicle,2003,-123.121812297213,49.2840522383664
Theft of Vehicle,2004,-123.121812297213,49.2840522383664
Theft of Vehicle,2004,-123.121812297213,49.2840522383664
Theft of Vehicle,2006,-123.121812297213,49.2840522383664
Theft of Vehicle,2006,-123.121812297213,49.2840522383664
Theft of Vehicle,2007,-123.121812297213,49.2840522383664
Theft of Vehicle,2008,-123.121812297213,49.2840522383664
Theft of Vehicle,2017,-123.121812297213,49.2840522383664
Theft of Vehicle,2004,-123.126558114428,49.2829008742303
Theft of Vehicle,2015,-123.126558114428,49.2829008742303
Theft of Vehicle,2004,-123.126359125973,49.2828842753367
Theft of Vehicle,2010,-123.126359125973,49.2828842753367
Theft of Vehicle,2012,-123.126359125973,49.2828842753367
Theft of Vehicle,2019,-123.126214558826,49.2827860692756
Theft of Vehicle,2003,-123.126196696397,49.2826553592686
Theft of Vehicle,2007,-123.126196696397,49.2826553592686
Theft of Vehicle,2003,-123.126142275392,49.2827369661765
Theft of Vehicle,2008,-123.126033850592,49.2826633113521
Theft of Vehicle,2003,-123.125835281885,49.2824098431632
Theft of Vehicle,2018,-123.125618434918,49.282262532915
Theft of Vehicle,2003,-123.125112463697,49.2819188074311
Theft of Vehicle,2003,-123.125112463697,49.2819188074311
Theft of Vehicle,2004,-123.125112463697,49.2819188074311
Theft of Vehicle,2005,-123.125112463697,49.2819188074311
Theft of Vehicle,2007,-123.125112463697,49.2819188074311
Theft of Vehicle,2012,-123.125112463697,49.2819188074311
Theft of Vehicle,2003,-123.134767955824,49.2768325527471
Theft of Vehicle,2003,-123.134767955824,49.2768325527471
Theft of Vehicle,2003,-123.134767955824,49.2768325527471
Theft of Vehicle,2003,-123.134767955824,49.2768325527471
Theft of Vehicle,2004,-123.134767955824,49.2768325527471
Theft of Vehicle,2004,-123.134767955824,49.2768325527471
Theft of Vehicle,2008,-123.134767955824,49.2768325527471
Theft of Vehicle,2008,-123.134767955824,49.2768325527471
Theft of Vehicle,2008,-123.134767955824,49.2768325527471
Theft of Vehicle,2009,-123.134767955824,49.2768325527471
Theft of Vehicle,2012,-123.134767955824,49.2768325527471
Theft of Vehicle,2014,-123.134767955824,49.2768325527471
Theft of Vehicle,2014,-123.134767955824,49.2768325527471
Theft of Vehicle,2018,-123.134767955824,49.2768325527471
Theft of Vehicle,2004,-123.134358318704,49.276571785819
Theft of Vehicle,2006,-123.134358318704,49.276571785819
Theft of Vehicle,2006,-123.134358318704,49.276571785819
Theft of Vehicle,2006,-123.134358318704,49.276571785819
Theft of Vehicle,2008,-123.134358318704,49.276571785819
Theft of Vehicle,2008,-123.134358318704,49.276571785819
Theft of Vehicle,2008,-123.134358318704,49.276571785819
Theft of Vehicle,2008,-123.134358318704,49.276571785819
Theft of Vehicle,2009,-123.134358318704,49.276571785819
Theft of Vehicle,2012,-123.134358318704,49.276571785819
Theft of Vehicle,2012,-123.134358318704,49.276571785819
Theft of Vehicle,2015,-123.134358318704,49.276571785819
Theft of Vehicle,2020,-123.134358318704,49.276571785819
Theft of Vehicle,2004,-123.134283999706,49.2765087031508
Theft of Vehicle,2018,-123.134011265819,49.276143519773
Theft of Vehicle,2005,-123.13392812841,49.2760728247565
Theft of Vehicle,2003,-123.133769758454,49.2759495320743
Theft of Vehicle,2003,-123.133769758454,49.2759495320743
Theft of Vehicle,2003,-123.133769758454,49.2759495320743
Theft of Vehicle,2003,-123.133769758454,49.2759495320743
Theft of Vehicle,2003,-123.133769758454,49.2759495320743
Theft of Vehicle,2004,-123.133769758454,49.2759495320743
Theft of Vehicle,2004,-123.133769758454,49.2759495320743
Theft of Vehicle,2005,-123.133769758454,49.2759495320743
Theft of Vehicle,2005,-123.133769758454,49.2759495320743
Theft of Vehicle,2005,-123.133769758454,49.2759495320743
Theft of Vehicle,2006,-123.133769758454,49.2759495320743
Theft of Vehicle,2006,-123.133769758454,49.2759495320743
Theft of Vehicle,2006,-123.133769758454,49.2759495320743
Theft of Vehicle,2007,-123.133769758454,49.2759495320743
Theft of Vehicle,2007,-123.133769758454,49.2759495320743
Theft of Vehicle,2008,-123.133769758454,49.2759495320743
Theft of Vehicle,2008,-123.133769758454,49.2759495320743
Theft of Vehicle,2011,-123.133769758454,49.2759495320743
Theft of Vehicle,2012,-123.133769758454,49.2759495320743
Theft of Vehicle,2016,-123.133769758454,49.2759495320743
Theft of Vehicle,2017,-123.133769758454,49.2759495320743
Theft of Vehicle,2006,-123.117150464964,49.2754431274121
Theft of Vehicle,2003,-123.137558066643,49.2879451372237
Theft of Vehicle,2003,-123.137558066643,49.2879451372237
Theft of Vehicle,2009,-123.137558066643,49.2879451372237
Theft of Vehicle,2003,-123.137073578888,49.2882681258937
Theft of Vehicle,2004,-123.137073578888,49.2882681258937
Theft of Vehicle,2004,-123.137073578888,49.2882681258937
Theft of Vehicle,2010,-123.137073578888,49.2882681258937
Theft of Vehicle,2010,-123.137073578888,49.2882681258937
Theft of Vehicle,2012,-123.023709158134,49.2756107296693
Theft of Vehicle,2015,-123.134537174595,49.2849289552426
Theft of Vehicle,2015,-123.134327939589,49.2849503149224
Theft of Vehicle,2015,-123.134327939589,49.2849503149224
Theft of Vehicle,2019,-123.134103110292,49.2852165108167
Theft of Vehicle,2006,-123.133893675007,49.2853559367192
Theft of Vehicle,2012,-123.133893675007,49.2853559367192
Theft of Vehicle,2015,-123.133893675007,49.2853559367192
Theft of Vehicle,2016,-123.133893675007,49.2853559367192
Theft of Vehicle,2016,-123.133764721843,49.2853244296229
Theft of Vehicle,2007,-123.133686183229,49.2853767141955
Theft of Vehicle,2014,-123.131668637074,49.2793352806188
Theft of Vehicle,2015,-123.131130397849,49.278977779253
Theft of Vehicle,2003,-123.130968788778,49.2787532248113
Theft of Vehicle,2003,-123.130968788778,49.2787532248113
Theft of Vehicle,2003,-123.130968788778,49.2787532248113
Theft of Vehicle,2005,-123.130968788778,49.2787532248113
Theft of Vehicle,2007,-123.130968788778,49.2787532248113
Theft of Vehicle,2007,-123.130968788778,49.2787532248113
Theft of Vehicle,2007,-123.130968788778,49.2787532248113
Theft of Vehicle,2009,-123.130968788778,49.2787532248113
Theft of Vehicle,2011,-123.130968788778,49.2787532248113
Theft of Vehicle,2011,-123.130968788778,49.2787532248113
Theft of Vehicle,2014,-123.130968788778,49.2787532248113
Theft of Vehicle,2016,-123.130968788778,49.2787532248113
Theft of Vehicle,2003,-123.130879222146,49.2788109444025
Theft of Vehicle,2003,-123.130879222146,49.2788109444025
Theft of Vehicle,2010,-123.130879222146,49.2788109444025
Theft of Vehicle,2003,-123.130430560851,49.2783957201398
Theft of Vehicle,2003,-123.130430560851,49.2783957201398
Theft of Vehicle,2003,-123.130430560851,49.2783957201398
Theft of Vehicle,2003,-123.130430560851,49.2783957201398
Theft of Vehicle,2004,-123.130430560851,49.2783957201398
Theft of Vehicle,2004,-123.130430560851,49.2783957201398
Theft of Vehicle,2005,-123.130430560851,49.2783957201398
Theft of Vehicle,2005,-123.130430560851,49.2783957201398
Theft of Vehicle,2006,-123.130430560851,49.2783957201398
Theft of Vehicle,2006,-123.130430560851,49.2783957201398
Theft of Vehicle,2008,-123.130430560851,49.2783957201398
Theft of Vehicle,2008,-123.130430560851,49.2783957201398
Theft of Vehicle,2015,-123.130430560851,49.2783957201398
Theft of Vehicle,2017,-123.130430560851,49.2783957201398
Theft of Vehicle,2019,-123.130430560851,49.2783957201398
Theft of Vehicle,2019,-123.130430560851,49.2783957201398
Theft of Vehicle,2006,-123.130376875852,49.2784772730447
Theft of Vehicle,2003,-123.127457937511,49.2802852877804
Theft of Vehicle,2006,-123.127457937511,49.2802852877804
Theft of Vehicle,2007,-123.127457937511,49.2802852877804
Theft of Vehicle,2009,-123.127457937511,49.2802852877804
Theft of Vehicle,2009,-123.127457937511,49.2802852877804
Theft of Vehicle,2013,-123.127457937511,49.2802852877804
Theft of Vehicle,2015,-123.127457937511,49.2802852877804
Theft of Vehicle,2015,-123.127457937511,49.2802852877804
Theft of Vehicle,2016,-123.127457937511,49.2802852877804
Theft of Vehicle,2017,-123.127457937511,49.2802852877804
Theft of Vehicle,2017,-123.127457937511,49.2802852877804
Theft of Vehicle,2017,-123.127457937511,49.2802852877804
Theft of Vehicle,2017,-123.127457937511,49.2802852877804
Theft of Vehicle,2018,-123.127457937511,49.2802852877804
Theft of Vehicle,2018,-123.127457937511,49.2802852877804
Theft of Vehicle,2018,-123.127457937511,49.2802852877804
Theft of Vehicle,2018,-123.127457937511,49.2802852877804
Theft of Vehicle,2018,-123.127457937511,49.2802852877804
Theft of Vehicle,2019,-123.127457937511,49.2802852877804
Theft of Vehicle,2019,-123.127457937511,49.2802852877804
Theft of Vehicle,2020,-123.127457937511,49.2802852877804
Theft of Vehicle,2003,-123.127450151699,49.2801730855334
Theft of Vehicle,2008,-123.127450151699,49.2801730855334
Theft of Vehicle,2009,-123.127450151699,49.2801730855334
Theft of Vehicle,2013,-123.127450151699,49.2801730855334
Theft of Vehicle,2014,-123.127450151699,49.2801730855334
Theft of Vehicle,2019,-123.127450151699,49.2801730855334
Theft of Vehicle,2004,-123.127061054919,49.2804322927132
Theft of Vehicle,2009,-123.127061054919,49.2804322927132
Theft of Vehicle,2010,-123.127061054919,49.2804322927132
Theft of Vehicle,2003,-123.126408658395,49.2809994897083
Theft of Vehicle,2004,-123.126408658395,49.2809994897083
Theft of Vehicle,2004,-123.126408658395,49.2809994897083
Theft of Vehicle,2004,-123.126408658395,49.2809994897083
Theft of Vehicle,2004,-123.126408658395,49.2809994897083
Theft of Vehicle,2005,-123.126408658395,49.2809994897083
Theft of Vehicle,2006,-123.126408658395,49.2809994897083
Theft of Vehicle,2008,-123.126408658395,49.2809994897083
Theft of Vehicle,2008,-123.126408658395,49.2809994897083
Theft of Vehicle,2008,-123.126408658395,49.2809994897083
Theft of Vehicle,2008,-123.126408658395,49.2809994897083
Theft of Vehicle,2009,-123.126408658395,49.2809994897083
Theft of Vehicle,2012,-123.126408658395,49.2809994897083
Theft of Vehicle,2012,-123.126408658395,49.2809994897083
Theft of Vehicle,2012,-123.126408658395,49.2809994897083
Theft of Vehicle,2015,-123.126408658395,49.2809994897083
Theft of Vehicle,2019,-123.126408658395,49.2809994897083
Theft of Vehicle,2003,-123.126044399334,49.2811305766944
Theft of Vehicle,2003,-123.126044399334,49.2811305766944
Theft of Vehicle,2003,-123.126044399334,49.2811305766944
Theft of Vehicle,2004,-123.126044399334,49.2811305766944
Theft of Vehicle,2005,-123.126044399334,49.2811305766944
Theft of Vehicle,2005,-123.126044399334,49.2811305766944
Theft of Vehicle,2006,-123.126044399334,49.2811305766944
Theft of Vehicle,2006,-123.126044399334,49.2811305766944
Theft of Vehicle,2007,-123.126044399334,49.2811305766944
Theft of Vehicle,2008,-123.126044399334,49.2811305766944
Theft of Vehicle,2008,-123.126044399334,49.2811305766944
Theft of Vehicle,2010,-123.126044399334,49.2811305766944
Theft of Vehicle,2017,-123.126044399334,49.2811305766944
Theft of Vehicle,2018,-123.126044399334,49.2811305766944
Theft of Vehicle,2017,-123.131687804326,49.2828417923507
Theft of Vehicle,2015,-123.1306486117,49.2836490622108
Theft of Vehicle,2003,-123.130205286291,49.2838249242692
Theft of Vehicle,2003,-123.130205286291,49.2838249242692
Theft of Vehicle,2003,-123.130205286291,49.2838249242692
Theft of Vehicle,2004,-123.130205286291,49.2838249242692
Theft of Vehicle,2006,-123.130205286291,49.2838249242692
Theft of Vehicle,2007,-123.130205286291,49.2838249242692
Theft of Vehicle,2010,-123.130205286291,49.2838249242692
Theft of Vehicle,2015,-123.130205286291,49.2838249242692
Theft of Vehicle,2018,-123.130205286291,49.2838249242692
Theft of Vehicle,2019,-123.130205286291,49.2838249242692
Theft of Vehicle,2009,-123.119225609851,49.2749303285763
Theft of Vehicle,2005,-123.118837218599,49.2754236185894
Theft of Vehicle,2016,-123.118219060972,49.2757628570143
Theft of Vehicle,2018,-123.118219060972,49.2757628570143
Theft of Vehicle,2008,-123.118131861158,49.2758719747046
Theft of Vehicle,2014,-123.118131861158,49.2758719747046
Theft of Vehicle,2003,-123.118070748605,49.2759494018947
Theft of Vehicle,2003,-123.118070748605,49.2759494018947
Theft of Vehicle,2004,-123.118070748605,49.2759494018947
Theft of Vehicle,2004,-123.118070748605,49.2759494018947
Theft of Vehicle,2013,-123.118070748605,49.2759494018947
Theft of Vehicle,2016,-123.11774666789,49.2887806972406
Theft of Vehicle,2017,-123.116979303936,49.2885683844181
Theft of Vehicle,2019,-123.116979303936,49.2885683844181
Theft of Vehicle,2011,-123.116619032297,49.2883793952509
Theft of Vehicle,2016,-123.115647053184,49.2881104553406
Theft of Vehicle,2017,-123.115647053184,49.2881104553406
Theft of Vehicle,2004,-123.135476058375,49.2872334542607
Theft of Vehicle,2004,-123.135476058375,49.2872334542607
Theft of Vehicle,2007,-123.135476058375,49.2872334542607
Theft of Vehicle,2003,-123.142634131461,49.2904972497089
Theft of Vehicle,2006,-123.141740100455,49.2910973446555
Theft of Vehicle,2004,-123.141644643972,49.2911615258033
Theft of Vehicle,2003,-123.141549187256,49.2912257068718
Theft of Vehicle,2003,-123.141549187256,49.2912257068718
Theft of Vehicle,2017,-123.141549187256,49.2912257068718
Theft of Vehicle,2003,-123.077226593036,49.2757250803923
Theft of Vehicle,2004,-123.077226593036,49.2757250803923
Theft of Vehicle,2003,-123.077225720464,49.2758090191928
Theft of Vehicle,2007,-123.077225720464,49.2758090191928
Theft of Vehicle,2016,-123.077225720464,49.2758090191928
Theft of Vehicle,2007,-123.11746689997,49.2888026001479
Theft of Vehicle,2003,-123.116788059981,49.2889116501156
Theft of Vehicle,2012,-123.069601264991,49.275354553445
Theft of Vehicle,2005,-123.069600089581,49.2754369953047
Theft of Vehicle,2016,-123.069596563326,49.2756843207868
Theft of Vehicle,2005,-123.069472267871,49.2755846233223
Theft of Vehicle,2005,-123.06947038686,49.2757165302181
Theft of Vehicle,2015,-123.06947038686,49.2757165302181
Theft of Vehicle,2003,-123.128506918415,49.2814676417508
Theft of Vehicle,2003,-123.128506918415,49.2814676417508
Theft of Vehicle,2003,-123.128506918415,49.2814676417508
Theft of Vehicle,2004,-123.128506918415,49.2814676417508
Theft of Vehicle,2005,-123.128506918415,49.2814676417508
Theft of Vehicle,2012,-123.128506918415,49.2814676417508
Theft of Vehicle,2015,-123.128506918415,49.2814676417508
Theft of Vehicle,2016,-123.128506918415,49.2814676417508
Theft of Vehicle,2019,-123.128506918415,49.2814676417508
Theft of Vehicle,2003,-123.127876649691,49.2810571339841
Theft of Vehicle,2006,-123.127876649691,49.2810571339841
Theft of Vehicle,2010,-123.127876649691,49.2810571339841
Theft of Vehicle,2003,-123.127223874463,49.2805158902649
Theft of Vehicle,2003,-123.127223874463,49.2805158902649
Theft of Vehicle,2003,-123.127223874463,49.2805158902649
Theft of Vehicle,2003,-123.127223874463,49.2805158902649
Theft of Vehicle,2003,-123.127223874463,49.2805158902649
Theft of Vehicle,2004,-123.127223874463,49.2805158902649
Theft of Vehicle,2004,-123.127223874463,49.2805158902649
Theft of Vehicle,2006,-123.127223874463,49.2805158902649
Theft of Vehicle,2006,-123.127223874463,49.2805158902649
Theft of Vehicle,2007,-123.127223874463,49.2805158902649
Theft of Vehicle,2017,-123.127223874463,49.2805158902649
Theft of Vehicle,2019,-123.127223874463,49.2805158902649
Theft of Vehicle,2016,-123.127183502148,49.280489594751
Theft of Vehicle,2015,-123.128532758634,49.243640300577
Theft of Vehicle,2003,-123.127804662436,49.2435397438747
Theft of Vehicle,2004,-123.127804662436,49.2435397438747
Theft of Vehicle,2003,-123.071510037387,49.2763267122427
Theft of Vehicle,2003,-123.071510037387,49.2763267122427
Theft of Vehicle,2003,-123.071510037387,49.2763267122427
Theft of Vehicle,2004,-123.071510037387,49.2763267122427
Theft of Vehicle,2004,-123.071510037387,49.2763267122427
Theft of Vehicle,2005,-123.071510037387,49.2763267122427
Theft of Vehicle,2005,-123.071510037387,49.2763267122427
Theft of Vehicle,2005,-123.071510037387,49.2763267122427
Theft of Vehicle,2006,-123.071510037387,49.2763267122427
Theft of Vehicle,2006,-123.071510037387,49.2763267122427
Theft of Vehicle,2013,-123.071510037387,49.2763267122427
Theft of Vehicle,2013,-123.071510037387,49.2763267122427
Theft of Vehicle,2014,-123.071510037387,49.2763267122427
Theft of Vehicle,2003,-123.071384526005,49.2763220521764
Theft of Vehicle,2008,-123.131156686831,49.2802892660369
Theft of Vehicle,2006,-123.12983728129,49.2795563402737
Theft of Vehicle,2003,-123.129328426866,49.2791138667028
Theft of Vehicle,2003,-123.129328426866,49.2791138667028
Theft of Vehicle,2003,-123.129328426866,49.2791138667028
Theft of Vehicle,2003,-123.129328426866,49.2791138667028
Theft of Vehicle,2004,-123.129328426866,49.2791138667028
Theft of Vehicle,2004,-123.129328426866,49.2791138667028
Theft of Vehicle,2005,-123.129328426866,49.2791138667028
Theft of Vehicle,2006,-123.129328426866,49.2791138667028
Theft of Vehicle,2006,-123.129328426866,49.2791138667028
Theft of Vehicle,2007,-123.129328426866,49.2791138667028
Theft of Vehicle,2007,-123.129328426866,49.2791138667028
Theft of Vehicle,2019,-123.129328426866,49.2791138667028
Theft of Vehicle,2007,-123.140161207544,49.2883057101633
Theft of Vehicle,2013,-123.139985703197,49.2885398586413
Theft of Vehicle,2003,-123.139234008429,49.2889179564322
Theft of Vehicle,2003,-123.139234008429,49.2889179564322
Theft of Vehicle,2019,-123.139234008429,49.2889179564322
Theft of Vehicle,2003,-123.138625718001,49.2893157552416
Theft of Vehicle,2003,-123.138625718001,49.2893157552416
Theft of Vehicle,2003,-123.138625718001,49.2893157552416
Theft of Vehicle,2004,-123.138625718001,49.2893157552416
Theft of Vehicle,2005,-123.138625718001,49.2893157552416
Theft of Vehicle,2017,-123.138625718001,49.2893157552416
Theft of Vehicle,2016,-123.128943480815,49.2547164730374
Theft of Vehicle,2005,-123.128617786771,49.2546149695101
Theft of Vehicle,2008,-123.128617786771,49.2546149695101
Theft of Vehicle,2017,-123.127931751152,49.2544989758304
Theft of Vehicle,2003,-123.127438365594,49.2543785814307
Theft of Vehicle,2004,-123.127438365594,49.2543785814307
Theft of Vehicle,2009,-123.120474854867,49.2860168699652
Theft of Vehicle,2006,-123.119506094258,49.2856041541393
Theft of Vehicle,2003,-123.083234838535,49.2614134052197
Theft of Vehicle,2005,-123.083234838535,49.2614134052197
Theft of Vehicle,2007,-123.083234838535,49.2614134052197
Theft of Vehicle,2015,-123.083234838535,49.2614134052197
Theft of Vehicle,2018,-123.083234838535,49.2614134052197
Theft of Vehicle,2003,-123.082881708158,49.2614113133954
Theft of Vehicle,2004,-123.081997743148,49.2614883281942
Theft of Vehicle,2016,-123.081715238455,49.2614866518505
Theft of Vehicle,2003,-123.083245721189,49.2605270916781
Theft of Vehicle,2004,-123.083245721189,49.2605270916781
Theft of Vehicle,2005,-123.083245721189,49.2605270916781
Theft of Vehicle,2006,-123.083245721189,49.2605270916781
Theft of Vehicle,2009,-123.083245721189,49.2605270916781
Theft of Vehicle,2010,-123.083245721189,49.2605270916781
Theft of Vehicle,2013,-123.083245721189,49.2605270916781
Theft of Vehicle,2006,-123.083175363262,49.2605265154734
Theft of Vehicle,2014,-123.083175363262,49.2605265154734
Theft of Vehicle,2016,-123.082753215787,49.2605230571652
Theft of Vehicle,2012,-123.082295889437,49.2605193089841
Theft of Vehicle,2012,-123.082294315424,49.260601554838
Theft of Vehicle,2014,-123.082294315424,49.260601554838
Theft of Vehicle,2003,-123.083148898895,49.2597318136072
Theft of Vehicle,2006,-123.083148898895,49.2597318136072
Theft of Vehicle,2016,-123.083113852128,49.2597314281025
Theft of Vehicle,2006,-123.082903571491,49.2597291149408
Theft of Vehicle,2010,-123.082553103807,49.2597252587609
Theft of Vehicle,2012,-123.082202636134,49.2597214016078
Theft of Vehicle,2003,-123.082169702704,49.2596387751448
Theft of Vehicle,2007,-123.082169702704,49.2596387751448
Theft of Vehicle,2004,-123.083266685738,49.2587388462809
Theft of Vehicle,2004,-123.083266685738,49.2587388462809
Theft of Vehicle,2004,-123.083266685738,49.2587388462809
Theft of Vehicle,2004,-123.083266685738,49.2587388462809
Theft of Vehicle,2006,-123.083266685738,49.2587388462809
Theft of Vehicle,2006,-123.083266685738,49.2587388462809
Theft of Vehicle,2007,-123.083266685738,49.2587388462809
Theft of Vehicle,2007,-123.083266685738,49.2587388462809
Theft of Vehicle,2014,-123.083266685738,49.2587388462809
Theft of Vehicle,2009,-123.08228652758,49.2588135874771
Theft of Vehicle,2004,-123.082148188619,49.258730267916
Theft of Vehicle,2003,-123.083275592536,49.257815850545
Theft of Vehicle,2004,-123.083275592536,49.257815850545
Theft of Vehicle,2006,-123.083240790102,49.2578156212396
Theft of Vehicle,2006,-123.083240790102,49.2578156212396
Theft of Vehicle,2004,-123.082718753737,49.2578121798609
Theft of Vehicle,2003,-123.082231519825,49.2578089657433
Theft of Vehicle,2005,-123.083299761605,49.2568766362577
Theft of Vehicle,2007,-123.083299761605,49.2568766362577
Theft of Vehicle,2011,-123.083299761605,49.2568766362577
Theft of Vehicle,2017,-123.083299761605,49.2568766362577
Theft of Vehicle,2007,-123.082709253304,49.2568528033661
Theft of Vehicle,2007,-123.082111010174,49.256911063831
Theft of Vehicle,2009,-123.081862375085,49.256901026739
Theft of Vehicle,2003,-123.083507117989,49.2562873937367
Theft of Vehicle,2003,-123.083507117989,49.2562873937367
Theft of Vehicle,2005,-123.083507117989,49.2562873937367
Theft of Vehicle,2009,-123.083507117989,49.2562873937367
Theft of Vehicle,2010,-123.083507117989,49.2562873937367
Theft of Vehicle,2005,-123.083540116688,49.2553528678203
Theft of Vehicle,2014,-123.083540116688,49.2553528678203
Theft of Vehicle,2008,-123.08311862565,49.2554311023385
Theft of Vehicle,2003,-123.083581283819,49.2544734082548
Theft of Vehicle,2003,-123.083581283819,49.2544734082548
Theft of Vehicle,2018,-123.0831695282,49.2535706637368
Theft of Vehicle,2008,-123.083647195268,49.25266652293
Theft of Vehicle,2009,-123.083647195268,49.25266652293
Theft of Vehicle,2014,-123.083540352456,49.2526650249021
Theft of Vehicle,2003,-123.083395204311,49.2527452609128
Theft of Vehicle,2008,-123.083395204311,49.2527452609128
Theft of Vehicle,2003,-123.082543153157,49.252651038603
Theft of Vehicle,2014,-123.082543153157,49.252651038603
Theft of Vehicle,2004,-123.082507538894,49.252650538901
Theft of Vehicle,2005,-123.083701646047,49.251784470763
Theft of Vehicle,2005,-123.083714144759,49.250880278489
Theft of Vehicle,2016,-123.083714144759,49.250880278489
Theft of Vehicle,2013,-123.083536082577,49.2508776990918
Theft of Vehicle,2006,-123.08257901662,49.2490357892985
Theft of Vehicle,2004,-123.08385192974,49.2477684817475
Theft of Vehicle,2007,-123.082820514157,49.2454125736187
Theft of Vehicle,2005,-123.083917789606,49.244576183003
Theft of Vehicle,2003,-123.083948554063,49.2424842393259
Theft of Vehicle,2003,-123.083948554063,49.2424842393259
Theft of Vehicle,2003,-123.083948554063,49.2424842393259
Theft of Vehicle,2003,-123.084559709894,49.240223595465
Theft of Vehicle,2006,-123.084559709894,49.240223595465
Theft of Vehicle,2004,-123.083247032486,49.2402139893095
Theft of Vehicle,2007,-123.083247032486,49.2402139893095
Theft of Vehicle,2009,-123.083049386223,49.2402127035676
Theft of Vehicle,2005,-123.084586733412,49.2382069100442
Theft of Vehicle,2004,-123.084670911996,49.2364484456731
Theft of Vehicle,2005,-123.084670911996,49.2364484456731
Theft of Vehicle,2007,-123.084670911996,49.2364484456731
Theft of Vehicle,2014,-123.084670911996,49.2364484456731
Theft of Vehicle,2019,-123.084601487905,49.2364479121139
Theft of Vehicle,2004,-123.084654889641,49.2355725319755
Theft of Vehicle,2004,-123.084654889641,49.2355725319755
Theft of Vehicle,2006,-123.084654889641,49.2355725319755
Theft of Vehicle,2014,-123.084114254445,49.2355680225848
Theft of Vehicle,2005,-123.083530430829,49.2356454095494
Theft of Vehicle,2004,-123.084665584852,49.2346603611981
Theft of Vehicle,2019,-123.084665584852,49.2346603611981
Theft of Vehicle,2006,-123.08338480482,49.2346395827319
Theft of Vehicle,2012,-123.083095596589,49.2346348887998
Theft of Vehicle,2009,-123.08470196318,49.2337248143755
Theft of Vehicle,2005,-123.084657631199,49.2337246442985
Theft of Vehicle,2007,-123.083395413433,49.2337197515444
Theft of Vehicle,2010,-123.083110396567,49.2337186448086
Theft of Vehicle,2007,-123.08508043425,49.2290548993905
Theft of Vehicle,2018,-123.084325784798,49.2290461258126
Theft of Vehicle,2019,-123.084889433627,49.2253524987122
Theft of Vehicle,2005,-123.084142614234,49.2253469365141
Theft of Vehicle,2014,-123.084142614234,49.2253469365141
Theft of Vehicle,2004,-123.085168913116,49.224415829788
Theft of Vehicle,2004,-123.085168913116,49.224415829788
Theft of Vehicle,2005,-123.085168913116,49.224415829788
Theft of Vehicle,2005,-123.085168913116,49.224415829788
Theft of Vehicle,2008,-123.085168913116,49.224415829788
Theft of Vehicle,2018,-123.08481083812,49.2244103812428
Theft of Vehicle,2008,-123.084091770149,49.2244817113757
Theft of Vehicle,2005,-123.083691854223,49.2243933472498
Theft of Vehicle,2004,-123.085195025358,49.2234537622026
Theft of Vehicle,2005,-123.085195025358,49.2234537622026
Theft of Vehicle,2006,-123.085195025358,49.2234537622026
Theft of Vehicle,2008,-123.085195025358,49.2234537622026
Theft of Vehicle,2013,-123.085195025358,49.2234537622026
Theft of Vehicle,2005,-123.084926898918,49.2234501937702
Theft of Vehicle,2011,-123.084524709309,49.2234448400895
Theft of Vehicle,2009,-123.083899081229,49.2234365092386
Theft of Vehicle,2009,-123.083452204183,49.2234305565818
Theft of Vehicle,2009,-123.083452204183,49.2234305565818
Theft of Vehicle,2003,-123.085215799257,49.2226030671099
Theft of Vehicle,2005,-123.085215799257,49.2226030671099
Theft of Vehicle,2006,-123.085215799257,49.2226030671099
Theft of Vehicle,2017,-123.085215799257,49.2226030671099
Theft of Vehicle,2007,-123.084232341269,49.2226722563619
Theft of Vehicle,2003,-123.085110960895,49.2218673408579
Theft of Vehicle,2003,-123.085110960895,49.2218673408579
Theft of Vehicle,2004,-123.085110960895,49.2218673408579
Theft of Vehicle,2005,-123.085110960895,49.2218673408579
Theft of Vehicle,2014,-123.084678904546,49.2219431498446
Theft of Vehicle,2007,-123.083394209879,49.2218416417253
Theft of Vehicle,2007,-123.083394209879,49.2218416417253
Theft of Vehicle,2003,-123.085150864369,49.220518155918
Theft of Vehicle,2005,-123.085150864369,49.220518155918
Theft of Vehicle,2007,-123.085150864369,49.220518155918
Theft of Vehicle,2008,-123.084720012929,49.220593800926
Theft of Vehicle,2011,-123.084720012929,49.220593800926
Theft of Vehicle,2004,-123.084665399364,49.2198227928762
Theft of Vehicle,2004,-123.084665399364,49.2198227928762
Theft of Vehicle,2005,-123.084665399364,49.2198227928762
Theft of Vehicle,2008,-123.084665399364,49.2198227928762
Theft of Vehicle,2011,-123.083524805399,49.2198045626136
Theft of Vehicle,2005,-123.084692484044,49.2189934066602
Theft of Vehicle,2007,-123.084376289808,49.2190715881397
Theft of Vehicle,2004,-123.083777375197,49.219063843579
Theft of Vehicle,2006,-123.08369429505,49.2189805000649
Theft of Vehicle,2006,-123.085320264126,49.2181634389465
Theft of Vehicle,2017,-123.085320264126,49.2181634389465
Theft of Vehicle,2004,-123.085276046415,49.2182455685158
Theft of Vehicle,2005,-123.084751893282,49.2182440952228
Theft of Vehicle,2004,-123.085346048938,49.2172728036407
Theft of Vehicle,2005,-123.085346048938,49.2172728036407
Theft of Vehicle,2007,-123.085346048938,49.2172728036407
Theft of Vehicle,2018,-123.085346048938,49.2172728036407
Theft of Vehicle,2005,-123.084693604423,49.2173557769378
Theft of Vehicle,2012,-123.084519562701,49.2173559684604
Theft of Vehicle,2008,-123.08421477926,49.2172740501492
Theft of Vehicle,2018,-123.083692864277,49.2173568746118
Theft of Vehicle,2004,-123.085374137725,49.2164335784657
Theft of Vehicle,2005,-123.085374137725,49.2164335784657
Theft of Vehicle,2006,-123.085374137725,49.2164335784657
Theft of Vehicle,2003,-123.084407870289,49.2165061286628
Theft of Vehicle,2005,-123.084407870289,49.2165061286628
Theft of Vehicle,2003,-123.085573341391,49.2146835477787
Theft of Vehicle,2004,-123.085573341391,49.2146835477787
Theft of Vehicle,2004,-123.085573341391,49.2146835477787
Theft of Vehicle,2018,-123.085573341391,49.2146835477787
Theft of Vehicle,2010,-123.083612294121,49.2146395791633
Theft of Vehicle,2003,-123.085568460247,49.21378369878
Theft of Vehicle,2004,-123.085568460247,49.21378369878
Theft of Vehicle,2013,-123.084538737244,49.2138661593529
Theft of Vehicle,2004,-123.08557686915,49.2128709189681
Theft of Vehicle,2005,-123.08557686915,49.2128709189681
Theft of Vehicle,2005,-123.08557686915,49.2128709189681
Theft of Vehicle,2005,-123.08557686915,49.2128709189681
Theft of Vehicle,2016,-123.08557686915,49.2128709189681
Theft of Vehicle,2009,-123.085386632376,49.2129498076199
Theft of Vehicle,2016,-123.085343346737,49.2128667516954
Theft of Vehicle,2018,-123.085203233294,49.2128642510872
Theft of Vehicle,2017,-123.085132310895,49.2128629856606
Theft of Vehicle,2014,-123.084502666355,49.2128517454966
Theft of Vehicle,2015,-123.084359132384,49.2129314663257
Theft of Vehicle,2003,-123.085656411402,49.2119492980686
Theft of Vehicle,2016,-123.085656411402,49.2119492980686
Theft of Vehicle,2016,-123.085295177904,49.2120251453903
Theft of Vehicle,2016,-123.084879414656,49.2120177363068
Theft of Vehicle,2017,-123.084879414656,49.2120177363068
Theft of Vehicle,2004,-123.08231558894,49.2642357060094
Theft of Vehicle,2005,-123.08231558894,49.2642357060094
Theft of Vehicle,2007,-123.08231558894,49.2642357060094
Theft of Vehicle,2017,-123.08231558894,49.2642357060094
Theft of Vehicle,2003,-123.083197274312,49.2633337008272
Theft of Vehicle,2005,-123.083197274312,49.2633337008272
Theft of Vehicle,2006,-123.083197274312,49.2633337008272
Theft of Vehicle,2009,-123.083197274312,49.2633337008272
Theft of Vehicle,2013,-123.083197274312,49.2633337008272
Theft of Vehicle,2004,-123.08290873082,49.2633317189851
Theft of Vehicle,2007,-123.08290873082,49.2633317189851
Theft of Vehicle,2015,-123.08290873082,49.2633317189851
Theft of Vehicle,2003,-123.082656255273,49.2633299842598
Theft of Vehicle,2008,-123.082546731704,49.2634114884187
Theft of Vehicle,2010,-123.082546731704,49.2634114884187
Theft of Vehicle,2005,-123.082295575967,49.2633275052007
Theft of Vehicle,2005,-123.082007032557,49.2633255211068
Theft of Vehicle,2013,-123.082007032557,49.2633255211068
Theft of Vehicle,2003,-123.083226114368,49.2623992668456
Theft of Vehicle,2005,-123.083226114368,49.2623992668456
Theft of Vehicle,2018,-123.083226114368,49.2623992668456
Theft of Vehicle,2018,-123.083226114368,49.2623992668456
Theft of Vehicle,2014,-123.082976131033,49.2624794312142
Theft of Vehicle,2005,-123.082516474027,49.2623933190768
Theft of Vehicle,2006,-123.082516474027,49.2623933190768
Theft of Vehicle,2007,-123.082516474027,49.2623933190768
Theft of Vehicle,2010,-123.082516474027,49.2623933190768
Theft of Vehicle,2019,-123.082516474027,49.2623933190768
Theft of Vehicle,2009,-123.082161653884,49.262390343468
Theft of Vehicle,2004,-123.081485884131,49.2624669324628
Theft of Vehicle,2005,-123.081485884131,49.2624669324628
Theft of Vehicle,2006,-123.081485884131,49.2624669324628
Theft of Vehicle,2004,-123.08235195851,49.28189000007
Theft of Vehicle,2019,-123.08235195851,49.28189000007
Theft of Vehicle,2015,-123.082142647548,49.2819689779213
Theft of Vehicle,2005,-123.081876818333,49.2782081973087
Theft of Vehicle,2004,-123.082399229827,49.2809471858958
Theft of Vehicle,2017,-123.084483582521,49.2087916597795
Theft of Vehicle,2016,-123.08444673722,49.2087947703985
Theft of Vehicle,2013,-123.084417648759,49.2087972259669
Theft of Vehicle,2005,-123.085646438724,49.2082895517591
Theft of Vehicle,2012,-123.084286247116,49.2084232079448
Theft of Vehicle,2005,-123.083831764635,49.2485369304861
Theft of Vehicle,2005,-123.082625987682,49.280037987499
Theft of Vehicle,2015,-123.082625987682,49.280037987499
Theft of Vehicle,2017,-123.082625987682,49.280037987499
Theft of Vehicle,2012,-123.082623272308,49.2801202203116
Theft of Vehicle,2013,-123.081708233608,49.280017904777
Theft of Vehicle,2010,-123.081568061735,49.2800978317088
Theft of Vehicle,2014,-123.1166965189,49.2744793277211
Theft of Vehicle,2019,-123.1166965189,49.2744793277211
Theft of Vehicle,2005,-123.116243679523,49.2747866703472
Theft of Vehicle,2006,-123.116243679523,49.2747866703472
Theft of Vehicle,2006,-123.116243679523,49.2747866703472
Theft of Vehicle,2008,-123.116243679523,49.2747866703472
Theft of Vehicle,2012,-123.116243679523,49.2747866703472
Theft of Vehicle,2003,-123.116070092815,49.2747724050523
Theft of Vehicle,2004,-123.116070092815,49.2747724050523
Theft of Vehicle,2005,-123.116070092815,49.2747724050523
Theft of Vehicle,2005,-123.116070092815,49.2747724050523
Theft of Vehicle,2005,-123.116070092815,49.2747724050523
Theft of Vehicle,2007,-123.116070092815,49.2747724050523
Theft of Vehicle,2008,-123.116070092815,49.2747724050523
Theft of Vehicle,2005,-123.057847924491,49.2753809223119
Theft of Vehicle,2015,-123.141557901624,49.2894418882262
Theft of Vehicle,2016,-123.141557901624,49.2894418882262
Theft of Vehicle,2003,-123.140776164151,49.290068556555
Theft of Vehicle,2006,-123.140776164151,49.290068556555
Theft of Vehicle,2006,-123.140776164151,49.290068556555
Theft of Vehicle,2015,-123.140776164151,49.290068556555
Theft of Vehicle,2019,-123.140776164151,49.290068556555
Theft of Vehicle,2016,-123.140655710207,49.2901461252595
Theft of Vehicle,2004,-123.140406883593,49.290190937024
Theft of Vehicle,2004,-123.140406883593,49.290190937024
Theft of Vehicle,2007,-123.140206125341,49.2903202175151
Theft of Vehicle,2015,-123.140206125341,49.2903202175151
Theft of Vehicle,2015,-123.081353779915,49.275366602451
Theft of Vehicle,2011,-123.081348097522,49.2757251024079
Theft of Vehicle,2003,-123.124367665476,49.2783023333478
Theft of Vehicle,2009,-123.123447361802,49.2789199470492
Theft of Vehicle,2003,-123.123163501373,49.2792282682199
Theft of Vehicle,2003,-123.123073481838,49.2791708505585
Theft of Vehicle,2003,-123.123073481838,49.2791708505585
Theft of Vehicle,2003,-123.123073481838,49.2791708505585
Theft of Vehicle,2003,-123.123073481838,49.2791708505585
Theft of Vehicle,2003,-123.123073481838,49.2791708505585
Theft of Vehicle,2003,-123.123073481838,49.2791708505585
Theft of Vehicle,2004,-123.123073481838,49.2791708505585
Theft of Vehicle,2004,-123.123073481838,49.2791708505585
Theft of Vehicle,2005,-123.123073481838,49.2791708505585
Theft of Vehicle,2005,-123.123073481838,49.2791708505585
Theft of Vehicle,2008,-123.123073481838,49.2791708505585
Theft of Vehicle,2003,-123.140737620947,49.2900355621886
Theft of Vehicle,2004,-123.12011646624,49.2765028025992
Theft of Vehicle,2005,-123.125136846255,49.2834498367964
Theft of Vehicle,2016,-123.125029430006,49.2833803226746
Theft of Vehicle,2012,-123.12483141111,49.2831364767668
Theft of Vehicle,2016,-123.12483141111,49.2831364767668
Theft of Vehicle,2004,-123.132907893448,49.2786461128119
Theft of Vehicle,2011,-123.132564115958,49.2785350894157
Theft of Vehicle,2007,-123.132399415476,49.2783085885477
Theft of Vehicle,2011,-123.132399415476,49.2783085885477
Theft of Vehicle,2011,-123.132399415476,49.2783085885477
Theft of Vehicle,2019,-123.132399415476,49.2783085885477
Theft of Vehicle,2005,-123.131765087685,49.2780046907224
Theft of Vehicle,2012,-123.131765087685,49.2780046907224
Theft of Vehicle,2003,-123.131491436283,49.277705860922
Theft of Vehicle,2003,-123.131491436283,49.277705860922
Theft of Vehicle,2003,-123.131491436283,49.277705860922
Theft of Vehicle,2003,-123.131491436283,49.277705860922
Theft of Vehicle,2004,-123.131491436283,49.277705860922
Theft of Vehicle,2004,-123.131491436283,49.277705860922
Theft of Vehicle,2004,-123.131491436283,49.277705860922
Theft of Vehicle,2004,-123.131491436283,49.277705860922
Theft of Vehicle,2006,-123.131491436283,49.277705860922
Theft of Vehicle,2007,-123.131491436283,49.277705860922
Theft of Vehicle,2008,-123.131491436283,49.277705860922
Theft of Vehicle,2018,-123.131491436283,49.277705860922
Theft of Vehicle,2007,-123.037534039453,49.2752694359502
Theft of Vehicle,2004,-123.121001338081,49.2767996882974
Theft of Vehicle,2004,-123.121001338081,49.2767996882974
Theft of Vehicle,2004,-123.121001338081,49.2767996882974
Theft of Vehicle,2006,-123.12021782992,49.2773237233233
Theft of Vehicle,2004,-123.120127963331,49.2772662055032
Theft of Vehicle,2004,-123.120127963331,49.2772662055032
Theft of Vehicle,2007,-123.120127963331,49.2772662055032
Theft of Vehicle,2008,-123.120127963331,49.2772662055032
Theft of Vehicle,2011,-123.120127963331,49.2772662055032
Theft of Vehicle,2011,-123.120127963331,49.2772662055032
Theft of Vehicle,2012,-123.120127963331,49.2772662055032
Theft of Vehicle,2003,-123.12602167898,49.2797798988367
Theft of Vehicle,2003,-123.12602167898,49.2797798988367
Theft of Vehicle,2005,-123.12602167898,49.2797798988367
Theft of Vehicle,2007,-123.12602167898,49.2797798988367
Theft of Vehicle,2004,-123.125108733537,49.2805108675629
Theft of Vehicle,2003,-123.125018679844,49.2804534712548
Theft of Vehicle,2003,-123.125018679844,49.2804534712548
Theft of Vehicle,2004,-123.125018679844,49.2804534712548
Theft of Vehicle,2004,-123.125018679844,49.2804534712548
Theft of Vehicle,2004,-123.125018679844,49.2804534712548
Theft of Vehicle,2004,-123.125018679844,49.2804534712548
Theft of Vehicle,2004,-123.125018679844,49.2804534712548
Theft of Vehicle,2005,-123.125018679844,49.2804534712548
Theft of Vehicle,2005,-123.125018679844,49.2804534712548
Theft of Vehicle,2005,-123.125018679844,49.2804534712548
Theft of Vehicle,2008,-123.125018679844,49.2804534712548
Theft of Vehicle,2009,-123.125018679844,49.2804534712548
Theft of Vehicle,2006,-123.125357159325,49.2790843595759
Theft of Vehicle,2005,-123.12523804981,49.2790464580901
Theft of Vehicle,2011,-123.12523804981,49.2790464580901
Theft of Vehicle,2003,-123.124947021635,49.279241703615
Theft of Vehicle,2003,-123.124947021635,49.279241703615
Theft of Vehicle,2003,-123.124947021635,49.279241703615
Theft of Vehicle,2003,-123.124947021635,49.279241703615
Theft of Vehicle,2003,-123.124947021635,49.279241703615
Theft of Vehicle,2006,-123.124947021635,49.279241703615
Theft of Vehicle,2008,-123.124947021635,49.279241703615
Theft of Vehicle,2008,-123.124947021635,49.279241703615
Theft of Vehicle,2017,-123.124947021635,49.279241703615
Theft of Vehicle,2009,-123.124804204253,49.2794553260457
Theft of Vehicle,2004,-123.124219441042,49.2797298142896
Theft of Vehicle,2008,-123.124219441042,49.2797298142896
Theft of Vehicle,2009,-123.124219441042,49.2797298142896
Theft of Vehicle,2003,-123.1240739232,49.2798274359431
Theft of Vehicle,2003,-123.1240739232,49.2798274359431
Theft of Vehicle,2003,-123.1240739232,49.2798274359431
Theft of Vehicle,2003,-123.1240739232,49.2798274359431
Theft of Vehicle,2003,-123.1240739232,49.2798274359431
Theft of Vehicle,2004,-123.1240739232,49.2798274359431
Theft of Vehicle,2004,-123.1240739232,49.2798274359431
Theft of Vehicle,2005,-123.1240739232,49.2798274359431
Theft of Vehicle,2006,-123.1240739232,49.2798274359431
Theft of Vehicle,2006,-123.1240739232,49.2798274359431
Theft of Vehicle,2007,-123.1240739232,49.2798274359431
Theft of Vehicle,2007,-123.1240739232,49.2798274359431
Theft of Vehicle,2007,-123.1240739232,49.2798274359431
Theft of Vehicle,2007,-123.1240739232,49.2798274359431
Theft of Vehicle,2008,-123.1240739232,49.2798274359431
Theft of Vehicle,2010,-123.1240739232,49.2798274359431
Theft of Vehicle,2011,-123.1240739232,49.2798274359431
Theft of Vehicle,2013,-123.1240739232,49.2798274359431
Theft of Vehicle,2006,-123.12799796016,49.2679463340792
Theft of Vehicle,2019,-123.127825844934,49.2678894254263
Theft of Vehicle,2004,-123.127767906241,49.2679679501436
Theft of Vehicle,2007,-123.133255492089,49.2839686037951
Theft of Vehicle,2019,-123.133255492089,49.2839686037951
Theft of Vehicle,2008,-123.132737951607,49.2842934144485
Theft of Vehicle,2003,-123.131872751596,49.2848567801433
Theft of Vehicle,2005,-123.131872751596,49.2848567801433
Theft of Vehicle,2006,-123.131872751596,49.2848567801433
Theft of Vehicle,2011,-123.131872751596,49.2848567801433
Theft of Vehicle,2011,-123.131872751596,49.2848567801433
Theft of Vehicle,2003,-123.131734610489,49.2848306759403
Theft of Vehicle,2004,-123.131734610489,49.2848306759403
Theft of Vehicle,2004,-123.131734610489,49.2848306759403
Theft of Vehicle,2004,-123.131734610489,49.2848306759403
Theft of Vehicle,2019,-123.04279140021,49.2751229702106
Theft of Vehicle,2006,-123.083656689829,49.2538671537579
Theft of Vehicle,2003,-123.083428404262,49.2537624838535
Theft of Vehicle,2005,-123.083428404262,49.2537624838535
Theft of Vehicle,2015,-123.082802829333,49.2533700693325
Theft of Vehicle,2017,-123.082802829333,49.2533700693325
Theft of Vehicle,2017,-123.082501984634,49.2532286346472
Theft of Vehicle,2014,-123.14691956769,49.2930421869595
Theft of Vehicle,2019,-123.14691956769,49.2930421869595
Theft of Vehicle,2003,-123.061716444959,49.2756259539
Theft of Vehicle,2004,-123.061716444959,49.2756259539
Theft of Vehicle,2004,-123.061716444959,49.2756259539
Theft of Vehicle,2017,-123.061716444959,49.2756259539
Theft of Vehicle,2015,-123.129084957906,49.250636643126
Theft of Vehicle,2003,-123.127597172439,49.250773851588
Theft of Vehicle,2015,-123.040070584222,49.2749455208747
Theft of Vehicle,2017,-123.040064364911,49.2753224176363
Theft of Vehicle,2005,-123.038831880754,49.2752651767474
Theft of Vehicle,2003,-123.099765460386,49.2755204884436
Theft of Vehicle,2006,-123.099765460386,49.2755204884436
Theft of Vehicle,2007,-123.099765460386,49.2755204884436
Theft of Vehicle,2007,-123.099765460386,49.2755204884436
Theft of Vehicle,2008,-123.099765460386,49.2755204884436
Theft of Vehicle,2008,-123.099765460386,49.2755204884436
Theft of Vehicle,2010,-123.099765460386,49.2755204884436
Theft of Vehicle,2012,-123.099765460386,49.2755204884436
Theft of Vehicle,2018,-123.099765460386,49.2755204884436
Theft of Vehicle,2003,-123.099753576435,49.2758358365817
Theft of Vehicle,2003,-123.099753576435,49.2758358365817
Theft of Vehicle,2003,-123.099753576435,49.2758358365817
Theft of Vehicle,2004,-123.099753576435,49.2758358365817
Theft of Vehicle,2004,-123.099753576435,49.2758358365817
Theft of Vehicle,2004,-123.099753576435,49.2758358365817
Theft of Vehicle,2004,-123.099753576435,49.2758358365817
Theft of Vehicle,2005,-123.099753576435,49.2758358365817
Theft of Vehicle,2006,-123.099753576435,49.2758358365817
Theft of Vehicle,2008,-123.099753576435,49.2758358365817
Theft of Vehicle,2003,-123.120143848776,49.2757726289542
Theft of Vehicle,2015,-123.119579860848,49.2762752675053
Theft of Vehicle,2003,-123.119289987853,49.2763539001821
Theft of Vehicle,2009,-123.119033825663,49.2765282803117
Theft of Vehicle,2003,-123.119005363077,49.2765476558463
Theft of Vehicle,2003,-123.119005363077,49.2765476558463
Theft of Vehicle,2007,-123.119005363077,49.2765476558463
Theft of Vehicle,2019,-123.082463163024,49.2730810278286
Theft of Vehicle,2013,-123.149939665944,49.2771608757703
Theft of Vehicle,2007,-123.118299668993,49.2734694286037
Theft of Vehicle,2008,-123.118299668993,49.2734694286037
Theft of Vehicle,2008,-123.118299668993,49.2734694286037
Theft of Vehicle,2019,-123.118218956544,49.2734672689796
Theft of Vehicle,2003,-123.117158945563,49.273416290953
Theft of Vehicle,2007,-123.117158945563,49.273416290953
Theft of Vehicle,2004,-123.116248346733,49.2732245946601
Theft of Vehicle,2005,-123.116248346733,49.2732245946601
Theft of Vehicle,2005,-123.116248346733,49.2732245946601
Theft of Vehicle,2006,-123.116248346733,49.2732245946601
Theft of Vehicle,2003,-123.115415819411,49.273170685049
Theft of Vehicle,2003,-123.114881542466,49.2734713185618
Theft of Vehicle,2003,-123.114881542466,49.2734713185618
Theft of Vehicle,2007,-123.114881542466,49.2734713185618
Theft of Vehicle,2010,-123.114881542466,49.2734713185618
Theft of Vehicle,2010,-123.114881542466,49.2734713185618
Theft of Vehicle,2012,-123.114881542466,49.2734713185618
Theft of Vehicle,2003,-123.128817887893,49.2536633494862
Theft of Vehicle,2004,-123.128817887893,49.2536633494862
Theft of Vehicle,2005,-123.056508891746,49.2755273921202
Theft of Vehicle,2019,-123.129517877853,49.246304473124
Theft of Vehicle,2014,-123.127985894162,49.2462722479847
Theft of Vehicle,2015,-123.127985894162,49.2462722479847
Theft of Vehicle,2016,-123.127253195662,49.2819202329739
Theft of Vehicle,2006,-123.127164960524,49.2819788274637
Theft of Vehicle,2005,-123.126906518869,49.2818122631748
Theft of Vehicle,2003,-123.126588634881,49.2814919241122
Theft of Vehicle,2004,-123.126588634881,49.2814919241122
Theft of Vehicle,2005,-123.126588634881,49.2814919241122
Theft of Vehicle,2005,-123.126588634881,49.2814919241122
Theft of Vehicle,2006,-123.126588634881,49.2814919241122
Theft of Vehicle,2007,-123.126588634881,49.2814919241122
Theft of Vehicle,2009,-123.126588634881,49.2814919241122
Theft of Vehicle,2009,-123.126588634881,49.2814919241122
Theft of Vehicle,2017,-123.126588634881,49.2814919241122
Theft of Vehicle,2017,-123.126588634881,49.2814919241122
Theft of Vehicle,2003,-123.126500399732,49.281550518099
Theft of Vehicle,2016,-123.126477875852,49.2814205389414
Theft of Vehicle,2003,-123.126182520058,49.2812301779011
Theft of Vehicle,2003,-123.126182520058,49.2812301779011
Theft of Vehicle,2003,-123.126182520058,49.2812301779011
Theft of Vehicle,2003,-123.126182520058,49.2812301779011
Theft of Vehicle,2003,-123.126182520058,49.2812301779011
Theft of Vehicle,2003,-123.126182520058,49.2812301779011
Theft of Vehicle,2003,-123.126182520058,49.2812301779011
Theft of Vehicle,2003,-123.126182520058,49.2812301779011
Theft of Vehicle,2004,-123.126182520058,49.2812301779011
Theft of Vehicle,2005,-123.126182520058,49.2812301779011
Theft of Vehicle,2006,-123.126182520058,49.2812301779011
Theft of Vehicle,2006,-123.126182520058,49.2812301779011
Theft of Vehicle,2007,-123.126182520058,49.2812301779011
Theft of Vehicle,2008,-123.126182520058,49.2812301779011
Theft of Vehicle,2009,-123.126182520058,49.2812301779011
Theft of Vehicle,2009,-123.126182520058,49.2812301779011
Theft of Vehicle,2011,-123.126182520058,49.2812301779011
Theft of Vehicle,2015,-123.126182520058,49.2812301779011
Theft of Vehicle,2016,-123.126182520058,49.2812301779011
Theft of Vehicle,2003,-123.134319163324,49.286484787628
Theft of Vehicle,2009,-123.134319163324,49.286484787628
Theft of Vehicle,2006,-123.041450078593,49.274665723452
Theft of Vehicle,2007,-123.041445084618,49.2748319418997
Theft of Vehicle,2003,-123.041306336946,49.2752650505176
Theft of Vehicle,2010,-123.041306336946,49.2752650505176
Theft of Vehicle,2018,-123.075953752908,49.2751147448851
Theft of Vehicle,2019,-123.075953752908,49.2751147448851
Theft of Vehicle,2014,-123.075946439515,49.275485813012
Theft of Vehicle,2012,-123.075941453054,49.2757388139936
Theft of Vehicle,2003,-123.075814754263,49.2757883535353
Theft of Vehicle,2003,-123.075814754263,49.2757883535353
Theft of Vehicle,2003,-123.075814754263,49.2757883535353
Theft of Vehicle,2004,-123.075814754263,49.2757883535353
Theft of Vehicle,2006,-123.117776340498,49.2742603389374
Theft of Vehicle,2003,-123.117514128186,49.2743026026527
Theft of Vehicle,2004,-123.115479601216,49.2740312363776
Theft of Vehicle,2006,-123.115479601216,49.2740312363776
Theft of Vehicle,2008,-123.115479601216,49.2740312363776
Theft of Vehicle,2011,-123.115479601216,49.2740312363776
Theft of Vehicle,2014,-123.115472937297,49.2740493338938
Theft of Vehicle,2003,-123.115159763719,49.274101726703
Theft of Vehicle,2003,-123.115159763719,49.274101726703
Theft of Vehicle,2003,-123.115159763719,49.274101726703
Theft of Vehicle,2004,-123.115159763719,49.274101726703
Theft of Vehicle,2005,-123.115159763719,49.274101726703
Theft of Vehicle,2006,-123.115159763719,49.274101726703
Theft of Vehicle,2006,-123.115159763719,49.274101726703
Theft of Vehicle,2007,-123.115159763719,49.274101726703
Theft of Vehicle,2007,-123.115159763719,49.274101726703
Theft of Vehicle,2003,-123.134093032298,49.277984620538
Theft of Vehicle,2004,-123.134093032298,49.277984620538
Theft of Vehicle,2006,-123.134093032298,49.277984620538
Theft of Vehicle,2006,-123.134093032298,49.277984620538
Theft of Vehicle,2010,-123.134093032298,49.277984620538
Theft of Vehicle,2013,-123.134093032298,49.277984620538
Theft of Vehicle,2016,-123.134093032298,49.277984620538
Theft of Vehicle,2004,-123.133577295218,49.277767178474
Theft of Vehicle,2018,-123.133577295218,49.277767178474
Theft of Vehicle,2003,-123.133386007681,49.2775281026012
Theft of Vehicle,2003,-123.133386007681,49.2775281026012
Theft of Vehicle,2004,-123.133386007681,49.2775281026012
Theft of Vehicle,2004,-123.133386007681,49.2775281026012
Theft of Vehicle,2004,-123.133386007681,49.2775281026012
Theft of Vehicle,2004,-123.133386007681,49.2775281026012
Theft of Vehicle,2005,-123.133386007681,49.2775281026012
Theft of Vehicle,2006,-123.133386007681,49.2775281026012
Theft of Vehicle,2018,-123.133386007681,49.2775281026012
Theft of Vehicle,2004,-123.132746712972,49.2771148689374
Theft of Vehicle,2017,-123.132746712972,49.2771148689374
Theft of Vehicle,2004,-123.132648683723,49.277167126429
Theft of Vehicle,2005,-123.132648683723,49.277167126429
Theft of Vehicle,2005,-123.132648683723,49.277167126429
Theft of Vehicle,2017,-123.132648683723,49.277167126429
Theft of Vehicle,2003,-123.132553309074,49.276989839653
Theft of Vehicle,2003,-123.132553309074,49.276989839653
Theft of Vehicle,2003,-123.132553309074,49.276989839653
Theft of Vehicle,2004,-123.132553309074,49.276989839653
Theft of Vehicle,2004,-123.132553309074,49.276989839653
Theft of Vehicle,2004,-123.132553309074,49.276989839653
Theft of Vehicle,2005,-123.132553309074,49.276989839653
Theft of Vehicle,2005,-123.132553309074,49.276989839653
Theft of Vehicle,2007,-123.132553309074,49.276989839653
Theft of Vehicle,2009,-123.132553309074,49.276989839653
Theft of Vehicle,2015,-123.132553309074,49.276989839653
Theft of Vehicle,2017,-123.132553309074,49.276989839653
Theft of Vehicle,2019,-123.130118474884,49.2144414341369
Theft of Vehicle,2003,-123.081331834445,49.2758681557533
Theft of Vehicle,2007,-123.081331834445,49.2758681557533
Theft of Vehicle,2015,-123.081331834445,49.2758681557533
Theft of Vehicle,2003,-123.051953621636,49.2757626210656
Theft of Vehicle,2004,-123.051953621636,49.2757626210656
Theft of Vehicle,2004,-123.08230198787,49.2826397832221
Theft of Vehicle,2010,-123.082038451923,49.2826662164768
Theft of Vehicle,2004,-123.101977417486,49.2757466253732
Theft of Vehicle,2006,-123.101977417486,49.2757466253732
Theft of Vehicle,2006,-123.101977417486,49.2757466253732
Theft of Vehicle,2007,-123.101951880215,49.2754996878377
Theft of Vehicle,2014,-123.101932880064,49.2753120173182
Theft of Vehicle,2013,-123.122629492942,49.2770227347333
Theft of Vehicle,2018,-123.122395016053,49.277060251744
Theft of Vehicle,2004,-123.122164261331,49.2773284870717
Theft of Vehicle,2008,-123.122075168661,49.2772704560523
Theft of Vehicle,2017,-123.121989797959,49.2774431436677
Theft of Vehicle,2004,-123.121260999476,49.2778055174865
Theft of Vehicle,2005,-123.121260999476,49.2778055174865
Theft of Vehicle,2005,-123.121260999476,49.2778055174865
Theft of Vehicle,2010,-123.121260999476,49.2778055174865
Theft of Vehicle,2017,-123.121260999476,49.2778055174865
Theft of Vehicle,2007,-123.12120470295,49.2779590952942
Theft of Vehicle,2003,-123.121115610267,49.2779010635412
Theft of Vehicle,2003,-123.121115610267,49.2779010635412
Theft of Vehicle,2004,-123.121115610267,49.2779010635412
Theft of Vehicle,2004,-123.121115610267,49.2779010635412
Theft of Vehicle,2004,-123.121115610267,49.2779010635412
Theft of Vehicle,2005,-123.121115610267,49.2779010635412
Theft of Vehicle,2005,-123.121115610267,49.2779010635412
Theft of Vehicle,2005,-123.121115610267,49.2779010635412
Theft of Vehicle,2007,-123.121115610267,49.2779010635412
Theft of Vehicle,2007,-123.121115610267,49.2779010635412
Theft of Vehicle,2008,-123.121115610267,49.2779010635412
Theft of Vehicle,2012,-123.121115610267,49.2779010635412
Theft of Vehicle,2019,-123.121115610267,49.2779010635412
Theft of Vehicle,2016,-123.127631977511,49.2560582696812
Theft of Vehicle,2015,-123.127615766016,49.2559735783534
Theft of Vehicle,2003,-123.127422875861,49.2560262215924
Theft of Vehicle,2005,-123.127422875861,49.2560262215924
Theft of Vehicle,2018,-123.123701225997,49.2838023745848
Theft of Vehicle,2007,-123.123688095798,49.2839093650195
Theft of Vehicle,2003,-123.123312596475,49.2836674108672
Theft of Vehicle,2004,-123.123312596475,49.2836674108672
Theft of Vehicle,2007,-123.123312596475,49.2836674108672
Theft of Vehicle,2003,-123.122950232593,49.283318465212
Theft of Vehicle,2003,-123.122950232593,49.283318465212
Theft of Vehicle,2003,-123.122950232593,49.283318465212
Theft of Vehicle,2004,-123.122950232593,49.283318465212
Theft of Vehicle,2004,-123.122950232593,49.283318465212
Theft of Vehicle,2006,-123.122950232593,49.283318465212
Theft of Vehicle,2007,-123.122950232593,49.283318465212
Theft of Vehicle,2008,-123.122950232593,49.283318465212
Theft of Vehicle,2014,-123.122950232593,49.283318465212
Theft of Vehicle,2017,-123.033546369874,49.275755678729
Theft of Vehicle,2015,-123.067645182793,49.2749808277971
Theft of Vehicle,2006,-123.067633005982,49.2755401833202
Theft of Vehicle,2016,-123.067630857105,49.2756388931603
Theft of Vehicle,2005,-123.067505516471,49.2756212699558
Theft of Vehicle,2010,-123.067505516471,49.2756212699558
Theft of Vehicle,2003,-123.067503725526,49.2757035281079
Theft of Vehicle,2005,-123.067503725526,49.2757035281079
Theft of Vehicle,2005,-123.067503725526,49.2757035281079
Theft of Vehicle,2003,-123.085689787159,49.2110038617481
Theft of Vehicle,2003,-123.084122168465,49.2110304117007
Theft of Vehicle,2005,-123.084122168465,49.2110304117007
Theft of Vehicle,2006,-123.084122168465,49.2110304117007
Theft of Vehicle,2010,-123.084122168465,49.2110304117007
Theft of Vehicle,2011,-123.084122168465,49.2110304117007
Theft of Vehicle,2011,-123.084122168465,49.2110304117007
Theft of Vehicle,2012,-123.084122168465,49.2110304117007
Theft of Vehicle,2012,-123.084122168465,49.2110304117007
Theft of Vehicle,2012,-123.084122168465,49.2110304117007
Theft of Vehicle,2013,-123.084122168465,49.2110304117007
Theft of Vehicle,2013,-123.084122168465,49.2110304117007
Theft of Vehicle,2013,-123.084122168465,49.2110304117007
Theft of Vehicle,2014,-123.084122168465,49.2110304117007
Theft of Vehicle,2014,-123.084122168465,49.2110304117007
Theft of Vehicle,2014,-123.084122168465,49.2110304117007
Theft of Vehicle,2014,-123.084122168465,49.2110304117007
Theft of Vehicle,2015,-123.084122168465,49.2110304117007
Theft of Vehicle,2015,-123.084122168465,49.2110304117007
Theft of Vehicle,2015,-123.084122168465,49.2110304117007
Theft of Vehicle,2016,-123.084122168465,49.2110304117007
Theft of Vehicle,2016,-123.084122168465,49.2110304117007
Theft of Vehicle,2016,-123.084122168465,49.2110304117007
Theft of Vehicle,2016,-123.084122168465,49.2110304117007
Theft of Vehicle,2017,-123.084122168465,49.2110304117007
Theft of Vehicle,2018,-123.084122168465,49.2110304117007
Theft of Vehicle,2018,-123.084122168465,49.2110304117007
Theft of Vehicle,2018,-123.084122168465,49.2110304117007
Theft of Vehicle,2018,-123.084122168465,49.2110304117007
Theft of Vehicle,2018,-123.084122168465,49.2110304117007
Theft of Vehicle,2019,-123.084122168465,49.2110304117007
Theft of Vehicle,2019,-123.084122168465,49.2110304117007
Theft of Vehicle,2019,-123.084122168465,49.2110304117007
Theft of Vehicle,2019,-123.084122168465,49.2110304117007
Theft of Vehicle,2019,-123.084122168465,49.2110304117007
Theft of Vehicle,2020,-123.084122168465,49.2110304117007
Theft of Vehicle,2004,-123.063629984871,49.2756811907796
Theft of Vehicle,2014,-123.063629984871,49.2756811907796
Theft of Vehicle,2003,-123.123489079962,49.2775564892268
Theft of Vehicle,2019,-123.123253585015,49.2777136560856
